solution,sse,rmse,E,A,alpha,B,beta,kappa,rho,delta,dist_to_best
0,0.4873983410279677,0.017813383403312705,1.678683354774815,0.3699439439746307,0.3287740372683274,1.235528979310248,0.2811093994384272,0.37531433948811566,0.5499554374490053,0.05876921022409885,0.0
1,0.48739834102798046,0.017813383403312937,1.6786833414263538,0.36994396548856495,0.3287740206373405,1.2355289735535897,0.28110940194381523,0.37531423308768797,0.5499555758307463,0.05876920094479112,1.7752098294515936e-07
2,0.4873983410282782,0.017813383403318377,1.678683332942873,0.3699439816436639,0.3287740139449651,1.2355289615296483,0.28110940470705165,0.3753146501951934,0.5499551771171048,0.058769218852728906,4.0886368991083916e-07
3,0.4873983410284938,0.01781338340332232,1.678683358163375,0.36994399500188146,0.32877400341783886,1.2355289152648152,0.2811094207200846,0.3753148805234081,0.5499552264025115,0.058769189872408305,5.882090157247182e-07
4,0.4873983410286415,0.017813383403325018,1.6786833494406168,0.3699439873682353,0.32877401100029513,1.2355289328618189,0.28110941407784734,0.3753149337645923,0.5499550517687363,0.058769209835300096,7.11960103577754e-07
5,0.48739834102866847,0.01781338340332551,1.6786833647126884,0.3699439866505246,0.3287740107030252,1.235528914944667,0.28110942036457665,0.37531499673982666,0.5499550985646323,0.058769197026807635,7.444482108468744e-07
6,0.48739834102869034,0.01781338340332591,1.6786833733037037,0.36994398402929624,0.3287740121410487,1.2355289072332756,0.2811094230277813,0.37531502478355744,0.5499551204277213,0.0587691911207685,7.608073987046274e-07
7,0.48739834102869145,0.01781338340332593,1.6786833424068397,0.3699440104891566,0.32877398446860057,1.2355289257542041,0.2811094195960538,0.375314199386767,0.5499559288918986,0.058769154011387346,5.24350945480134e-07
8,0.4873983410287716,0.017813383403327394,1.6786833070822256,0.36994393100567385,0.3287740400908648,1.2355290613201673,0.28110937361862626,0.375313317562879,0.5499560610496105,0.058769217870594276,1.2012953032393112e-06
9,0.48739834102877366,0.017813383403327433,1.6786833304898465,0.3699438720716676,0.3287740840684599,1.235529095424009,0.28110936100438866,0.3753133188907699,0.5499558431167114,0.05876924810907308,1.1092926260509347e-06
10,0.4873983410288453,0.01781338340332874,1.67868336831647,0.3699439889488035,0.32877400959772823,1.2355289072767426,0.28110942284353013,0.3753150946745991,0.549955044766514,0.05876919542394111,8.564073492645111e-07
11,0.4873983410288622,0.01781338340332905,1.6786833841424604,0.3699439653295883,0.3287740267624396,1.2355289131009695,0.28110942054693544,0.37531511411446505,0.549954987823411,0.05876920134467204,8.991919175742539e-07
12,0.487398341028876,0.017813383403329303,1.6786833496821592,0.3699440416605836,0.3287739680347457,1.2355288757845238,0.2811094349779228,0.37531492209679373,0.5499554295964592,0.05876915741229466,6.071457992982829e-07
13,0.48739834102894475,0.01781338340333056,1.678683357292888,0.36994401604071114,0.3287739804466873,1.2355289005254857,0.28110942815952733,0.375314377417643,0.5499559072984852,0.05876914008463154,4.925212964326039e-07
14,0.4873983410290194,0.017813383403331922,1.6786833800627832,0.36994396010203334,0.32877403175130626,1.235528922884686,0.281109416798775,0.3753151344903965,0.5499548865552873,0.05876921398910437,9.695060226769672e-07
15,0.48739834102901947,0.017813383403331922,1.6786833355775375,0.36994387984959914,0.3287740761716403,1.2355290824936314,0.28110936611209075,0.3753132232117498,0.5499560387730522,0.05876922916334892,1.2750583154124425e-06
16,0.4873983410292352,0.017813383403335867,1.6786833122510014,0.36994391364606705,0.328774050935499,1.2355290756007618,0.281109369064986,0.3753131265385764,0.5499561828559865,0.05876921828096395,1.428304016108769e-06
17,0.4873983410292428,0.017813383403336002,1.678683384454776,0.3699439902597543,0.32877400940808527,1.2355288843492398,0.28110943033114066,0.37531529573071565,0.5499549590463944,0.05876918860147984,1.0758753945171535e-06
18,0.4873983410298576,0.01781338340334724,1.67868360215476,0.3699437182642965,0.3287742011798626,1.2355289139011438,0.28110941938790823,0.3753152997710131,0.5499547479569231,0.058769214034259325,1.2414678441458423e-06
19,0.4873983410302257,0.017813383403353967,1.6786833815417,0.3699440108304134,0.3287739975213996,1.2355288622361906,0.2811094371219593,0.37531562043386946,0.5499547290814227,0.058769191098479875,1.4713479565068886e-06
20,0.4873983410307892,0.017813383403364264,1.6786831879905175,0.3699440000548254,0.32877398783479356,1.2355291392469203,0.28110934875708915,0.3753124432171674,0.5499565217414588,0.05876923644725847,2.198584837938658e-06
21,0.4873983410312842,0.01781338340337331,1.6786832636884148,0.3699438924376365,0.3287740635375027,1.2355291640579136,0.28110933981399144,0.3753123528056614,0.5499564711240171,0.05876925047182784,2.250853331686478e-06
22,0.48739834103147284,0.017813383403376754,1.678683293118246,0.3699438649826289,0.3287740821154439,1.2355291581461865,0.28110934187445674,0.37531237447724713,0.5499565045228699,0.058769242982371454,2.2468502145566633e-06
23,0.4873983410316599,0.017813383403380175,1.6786834035218405,0.3699440221276574,0.3287739913943929,1.2355288195660137,0.2811094510529076,0.3753160489181019,0.5499545302671689,0.05876917890295409,1.945477226079784e-06
24,0.4873983410317445,0.01781338340338172,1.6786834120328518,0.3699440355499286,0.328773980431804,1.2355287949444773,0.28110945985157015,0.3753160950897267,0.5499546370227356,0.058769159331175706,1.9436935748970734e-06
25,0.48739834103216156,0.01781338340338934,1.6786834040488705,0.36994402546403227,0.32877399000469054,1.2355288141639367,0.28110945261625314,0.37531615987567263,0.5499544427640236,0.05876918096905213,2.084578715224979e-06
26,0.4873983410323778,0.017813383403393293,1.6786832144931851,0.36994393148418503,0.3287740342320987,1.235529184824675,0.2811093336383624,0.3753120402004305,0.5499566833948255,0.058769250500055895,2.628143259492649e-06
27,0.4873983410327992,0.017813383403400995,1.678683412594948,0.36994402891637085,0.3287739882678363,1.2355287986682544,0.2811094576612067,0.3753163112170448,0.5499543672467571,0.058769177456903014,2.254573628934688e-06
28,0.4873983410329869,0.017813383403404423,1.6786833963029952,0.3699440390913065,0.3287739820256841,1.2355288070823522,0.2811094545900285,0.375316300648701,0.5499543101255998,0.058769186965623416,2.272460676733811e-06
29,0.48739834103316987,0.017813383403407768,1.6786834157061616,0.36994403174437196,0.3287739867942937,1.2355287909201609,0.2811094601042465,0.37531638863056005,0.5499543211807075,0.05876917677808737,2.345057196927175e-06
30,0.4873983410337179,0.01781338340341778,1.6786834299133666,0.36994403289653893,0.3287739859454928,1.2355287714230851,0.2811094666726106,0.37531653497754364,0.5499542970153845,0.058769166196453206,2.4872928163973805e-06
31,0.487398341034846,0.017813383403438396,1.6786832920563017,0.36994406804726,0.3287739681325547,1.2355289017726432,0.28110942112031495,0.37531605912414223,0.5499539025393316,0.05876926978468924,2.312408442067259e-06
32,0.48739834103556606,0.017813383403451555,1.6786834274000282,0.3699440529187761,0.32877397435556205,1.2355287495297351,0.2811094734215577,0.37531684537860244,0.5499540763839175,0.058769168728970374,2.8658473446654943e-06
33,0.4873983410358109,0.01781338340345603,1.6786834333905363,0.36994405039567596,0.32877397628185157,1.2355287444926444,0.2811094750228209,0.3753168966332423,0.5499540522258572,0.058769167269492655,2.922628439461892e-06
34,0.48739834103601104,0.017813383403459688,1.6786832274835986,0.36994385949397346,0.3287740813287705,1.2355292529505026,0.2811093112390492,0.37531136787196867,0.5499570113606886,0.058769266231058125,3.379168058640875e-06
35,0.48739834103637264,0.017813383403466294,1.6786834402586805,0.3699440502601169,0.32877397692905397,1.2355287353401974,0.2811094779625561,0.3753169952878461,0.5499539951230242,0.05876916609101116,3.0370144091983823e-06
36,0.4873983410372114,0.01781338340348162,1.678683449324808,0.3699440575609334,0.32877397208295694,1.2355287151982173,0.2811094847093402,0.37531715192279186,0.5499539545250341,0.05876915703370867,3.1960598406479076e-06
37,0.48739834103745405,0.017813383403486056,1.6786832038094455,0.36994386331808776,0.32877407763447297,1.2355292800147808,0.28110930247655763,0.3753111005797381,0.549957134400596,0.05876927415110896,3.6749162042993335e-06
38,0.48739834103755936,0.01781338340348798,1.67868315219944,0.36994393456692914,0.32877402641457765,1.2355292666611917,0.2811093077237358,0.37531104859336295,0.5499572650608686,0.05876926161040737,3.782197666655668e-06
39,0.48739834103835883,0.01781338340350259,1.6786831988777986,0.36994385920501505,0.32877407967544325,1.2355292917880758,0.2811092987196105,0.37531096536393266,0.5499572173366071,0.05876927501977834,3.833795398962262e-06
40,0.48739834103840735,0.017813383403503476,1.6786834487470212,0.36994406850377193,0.3287739655547412,1.2355287025868076,0.2811094887767068,0.3753173240439449,0.5499538465502881,0.05876915630991353,3.3993348286665924e-06
41,0.4873983410384164,0.017813383403503642,1.6786834460840818,0.3699440417789583,0.3287739861770271,1.235528734273867,0.28110947733600383,0.37531726288587364,0.5499537074623806,0.05876918177986173,3.409771472965844e-06
42,0.4873983410391484,0.01781338340351702,1.6786831450337494,0.3699439153723661,0.32877403922876275,1.2355292982342456,0.281109297184087,0.3753107856802825,0.5499573504410687,0.058769274167636686,4.055879588911468e-06
43,0.48739834103993035,0.017813383403531308,1.6786831971688474,0.36994383141086623,0.3287740989933584,1.2355293257324897,0.28110928723450684,0.3753107202887929,0.5499572588456857,0.058769292094310636,4.073906067575071e-06
44,0.48739834104046265,0.017813383403541036,1.6786831469932568,0.36994388543137735,0.32877406012265864,1.2355293296963767,0.28110928643268523,0.3753105902283685,0.5499573797808094,0.05876928804798715,4.244799358300301e-06
45,0.4873983410406832,0.017813383403545064,1.6786834550118546,0.36994409674914286,0.328773946742798,1.2355286615208414,0.2811095024303554,0.37531765164499076,0.5499537311794122,0.058769142156055984,3.746939041357826e-06
46,0.48739834104097196,0.01781338340355034,1.6786834735003238,0.369944050154074,0.32877398109983597,1.2355286880035783,0.28110949223440546,0.37531771299083255,0.5499535758356052,0.05876915733324875,3.869227036990413e-06
47,0.4873983410412439,0.017813383403555313,1.6786831988316597,0.36994383137442016,0.3287740969440604,1.235529325605564,0.28110928784618094,0.3753105801424773,0.5499574332912305,0.05876928025577968,4.277137102790374e-06
48,0.48739834104516533,0.017813383403626974,1.6786834794943437,0.36994411756597817,0.3287739347426711,1.2355286039847868,0.28110952113004195,0.3753182302636493,0.5499534483213545,0.058769127962092875,4.394702331205452e-06
49,0.48739834104528684,0.01781338340362919,1.6786832411408745,0.3699437579829413,0.32877414544592165,1.2355293575959352,0.28110927762781984,0.3753101921945575,0.5499576818047047,0.05876928015775284,4.739115206110153e-06
50,0.4873983410462001,0.017813383403645883,1.6786834767937355,0.36994415675709813,0.32877390548399954,1.2355285645857748,0.28110953503134656,0.37531836342681785,0.5499535726715694,0.05876909785867526,4.466544244247443e-06
51,0.4873983410466729,0.01781338340365452,1.6786834709126588,0.36994414118626184,0.3287739189225638,1.2355285875087167,0.2811095266081318,0.3753183818952309,0.5499533816163109,0.058769123506501035,4.561917361632809e-06
52,0.4873983410469164,0.01781338340365897,1.6786834868801637,0.36994410508410663,0.3287739459049197,1.2355286063302076,0.28110951960080444,0.37531840874255223,0.54995323903192,0.05876914081807455,4.647794639737403e-06
53,0.487398341047601,0.01781338340367148,1.678683421898899,0.3699441902640802,0.32877388560165677,1.2355285935948712,0.2811095244672923,0.3753183751545194,0.549953326360653,0.058769133107576164,4.582774246588e-06
54,0.48739834105034135,0.017813383403721558,1.6786831882951878,0.36994376722863614,0.3287741362266763,1.2355294174356173,0.28110925827645505,0.3753095730561223,0.5499579907259903,0.058769295042891675,5.433775800147962e-06
55,0.4873983410531867,0.017813383403773555,1.67868312321081,0.36994379453312637,0.3287741168616172,1.2355294698941532,0.2811092407003343,0.3753091689844078,0.5499580914079845,0.05876931976635173,5.842753328247598e-06
56,0.48739834105855817,0.017813383403871712,1.6786830419918557,0.3699438657246272,0.3287740627685121,1.2355294974336661,0.28110923304997576,0.3753086130910525,0.5499585184625655,0.058769312772251794,6.534181471442584e-06
57,0.487398341073033,0.017813383404136223,1.6786827832798934,0.3699440156265406,0.32877395514186697,1.2355296616903668,0.28110917931964846,0.37530713376183317,0.549959032168502,0.05876938344557864,8.10722426599318e-06
58,0.4873983410775259,0.017813383404218328,1.6786828969574121,0.3699437879809561,0.32877411937952794,1.235529769336243,0.2811091404751076,0.3753069141952811,0.5499586297196631,0.05876945829350006,8.143646614580354e-06
59,0.48739834108970337,0.017813383404440858,1.67868361595693,0.36994423031190093,0.32877387546357045,1.2355282820846338,0.2811096244020615,0.375321848743031,0.5499514415487831,0.058769073161179367,8.549153894755902e-06
60,0.4873983410920177,0.01781338340448315,1.67868365493481,0.3699442382577573,0.3287738678687484,1.2355282250382542,0.28110964419110934,0.3753220983232051,0.5499515490007804,0.058769033786731,8.728396565412544e-06
61,0.48739834109989755,0.017813383404627146,1.6786836210033336,0.3699442784647513,0.3287738442312349,1.2355282185530923,0.28110964529555893,0.37532244435104145,0.5499511780209501,0.05876905503446266,9.204066274762268e-06
62,0.48739834110275554,0.017813383404679372,1.6786829557966945,0.36994373487525456,0.32877413852766446,1.2355297719640255,0.2811091446455125,0.37530559530593305,0.5499601422049119,0.058769365211924704,9.976264350561366e-06
63,0.4873983411093445,0.01781338340479978,1.6786829520185815,0.36994371000060383,0.3287741541117545,1.2355298068021427,0.2811091333180326,0.3753052479271116,0.5499603256842456,0.05876937147097766,1.0371282347221107e-05
