domain_up,domain_down,delta,Q_before,Q_after,dQ,h1,h2,dh_over_h,loss_h1_equiv,loss_with_h2,dLoss,functional,omega
arxiv,freelaw,0.05,0.41663254110330095,0.42083385779990545,0.004201316696604507,1.0,7.38905609893065,6.38905609893065,2.3489103009426024,2.2181147742582783,-0.13079552668432415,quality_linear,1.0
arxiv,pubmed_central,0.05,0.41663254110330095,0.42083385779990545,0.004201316696604507,1.0,7.38905609893065,6.38905609893065,2.3489103009426024,2.2181147742582783,-0.13079552668432415,quality_linear,1.0
arxiv,wikipedia_en,0.05,0.41663254110330095,0.4226356647715589,0.006003123668257948,1.0,7.38905609893065,6.38905609893065,2.3489103009426024,2.2181147742582783,-0.13079552668432415,quality_linear,1.0
arxiv,github,0.05,0.41663254110330095,0.4263161357952342,0.00968359469193325,1.0,7.38905609893065,6.38905609893065,2.3489103009426024,2.2181147742582783,-0.13079552668432415,quality_linear,1.0
arxiv,stackexchange,0.05,0.41663254110330095,0.41496032483094986,-0.0016722162723510903,1.0,0.1353352832366127,-0.8646647167633873,2.3489103009426024,2.5778346271886234,0.228924326246021,quality_linear,1.0
arxiv,pile_cc,0.05,0.41663254110330095,0.422876723720673,0.006244182617372029,1.0,7.38905609893065,6.38905609893065,2.3489103009426024,2.2181147742582783,-0.13079552668432415,quality_linear,1.0
arxiv,pubmed_abstracts,0.05,0.41663254110330095,0.42083385779990545,0.004201316696604507,1.0,7.38905609893065,6.38905609893065,2.3489103009426024,2.2181147742582783,-0.13079552668432415,quality_linear,1.0
arxiv,uspto_backgrounds,0.05,0.41663254110330095,0.42083385779990545,0.004201316696604507,1.0,7.38905609893065,6.38905609893065,2.3489103009426024,2.2181147742582783,-0.13079552668432415,quality_linear,1.0
freelaw,arxiv,0.05,0.41663254110330095,0.4116148576053034,-0.005017683497997527,1.0,0.1353352832366127,-0.8646647167633873,2.3489103009426024,2.5778346271886234,0.228924326246021,quality_linear,1.0
freelaw,pubmed_central,0.05,0.41663254110330095,0.41663254110330095,0.0,1.0,1.0,0.0,2.3489103009426024,2.3489103009426024,0.0,quality_linear,1.0
freelaw,wikipedia_en,0.05,0.41663254110330095,0.41820122115064357,0.0015686800473426188,1.0,7.38905609893065,6.38905609893065,2.3489103009426024,2.2181147742582783,-0.13079552668432415,quality_linear,1.0
freelaw,github,0.05,0.41663254110330095,0.4222392722586345,0.005606731155333555,1.0,7.38905609893065,6.38905609893065,2.3489103009426024,2.2181147742582783,-0.13079552668432415,quality_linear,1.0
freelaw,stackexchange,0.05,0.41663254110330095,0.4097801753790527,-0.006852365724248244,1.0,0.1353352832366127,-0.8646647167633873,2.3489103009426024,2.5778346271886234,0.228924326246021,quality_linear,1.0
freelaw,pile_cc,0.05,0.41663254110330095,0.41846570043883785,0.0018331593355369047,1.0,7.38905609893065,6.38905609893065,2.3489103009426024,2.2181147742582783,-0.13079552668432415,quality_linear,1.0
freelaw,pubmed_abstracts,0.05,0.41663254110330095,0.41663254110330095,0.0,1.0,1.0,0.0,2.3489103009426024,2.3489103009426024,0.0,quality_linear,1.0
freelaw,uspto_backgrounds,0.05,0.41663254110330095,0.41663254110330095,0.0,1.0,1.0,0.0,2.3489103009426024,2.3489103009426024,0.0,quality_linear,1.0
nih_exporter,arxiv,0.05,0.41663254110330095,0.4116148576053034,-0.005017683497997527,1.0,0.1353352832366127,-0.8646647167633873,2.3489103009426024,2.5778346271886234,0.228924326246021,quality_linear,1.0
nih_exporter,freelaw,0.05,0.41663254110330095,0.41663254110330095,0.0,1.0,1.0,0.0,2.3489103009426024,2.3489103009426024,0.0,quality_linear,1.0
nih_exporter,pubmed_central,0.05,0.41663254110330095,0.41663254110330095,0.0,1.0,1.0,0.0,2.3489103009426024,2.3489103009426024,0.0,quality_linear,1.0
nih_exporter,wikipedia_en,0.05,0.41663254110330095,0.41820122115064357,0.0015686800473426188,1.0,7.38905609893065,6.38905609893065,2.3489103009426024,2.2181147742582783,-0.13079552668432415,quality_linear,1.0
nih_exporter,github,0.05,0.41663254110330095,0.4222392722586345,0.005606731155333555,1.0,7.38905609893065,6.38905609893065,2.3489103009426024,2.2181147742582783,-0.13079552668432415,quality_linear,1.0
nih_exporter,stackexchange,0.05,0.41663254110330095,0.4097801753790527,-0.006852365724248244,1.0,0.1353352832366127,-0.8646647167633873,2.3489103009426024,2.5778346271886234,0.228924326246021,quality_linear,1.0
nih_exporter,pile_cc,0.05,0.41663254110330095,0.41846570043883785,0.0018331593355369047,1.0,7.38905609893065,6.38905609893065,2.3489103009426024,2.2181147742582783,-0.13079552668432415,quality_linear,1.0
nih_exporter,pubmed_abstracts,0.05,0.41663254110330095,0.41663254110330095,0.0,1.0,1.0,0.0,2.3489103009426024,2.3489103009426024,0.0,quality_linear,1.0
nih_exporter,uspto_backgrounds,0.05,0.41663254110330095,0.41663254110330095,0.0,1.0,1.0,0.0,2.3489103009426024,2.3489103009426024,0.0,quality_linear,1.0
pubmed_central,arxiv,0.05,0.41663254110330095,0.4116148576053034,-0.005017683497997527,1.0,0.1353352832366127,-0.8646647167633873,2.3489103009426024,2.5778346271886234,0.228924326246021,quality_linear,1.0
pubmed_central,freelaw,0.05,0.41663254110330095,0.41663254110330095,0.0,1.0,1.0,0.0,2.3489103009426024,2.3489103009426024,0.0,quality_linear,1.0
pubmed_central,wikipedia_en,0.05,0.41663254110330095,0.41820122115064357,0.0015686800473426188,1.0,7.38905609893065,6.38905609893065,2.3489103009426024,2.2181147742582783,-0.13079552668432415,quality_linear,1.0
pubmed_central,github,0.05,0.41663254110330095,0.4222392722586345,0.005606731155333555,1.0,7.38905609893065,6.38905609893065,2.3489103009426024,2.2181147742582783,-0.13079552668432415,quality_linear,1.0
pubmed_central,stackexchange,0.05,0.41663254110330095,0.4097801753790527,-0.006852365724248244,1.0,0.1353352832366127,-0.8646647167633873,2.3489103009426024,2.5778346271886234,0.228924326246021,quality_linear,1.0
pubmed_central,pile_cc,0.05,0.41663254110330095,0.41846570043883785,0.0018331593355369047,1.0,7.38905609893065,6.38905609893065,2.3489103009426024,2.2181147742582783,-0.13079552668432415,quality_linear,1.0
pubmed_central,pubmed_abstracts,0.05,0.41663254110330095,0.41663254110330095,0.0,1.0,1.0,0.0,2.3489103009426024,2.3489103009426024,0.0,quality_linear,1.0
pubmed_central,uspto_backgrounds,0.05,0.41663254110330095,0.41663254110330095,0.0,1.0,1.0,0.0,2.3489103009426024,2.3489103009426024,0.0,quality_linear,1.0
wikipedia_en,arxiv,0.05,0.41663254110330095,0.410629417435043,-0.006003123668257948,1.0,0.1353352832366127,-0.8646647167633873,2.3489103009426024,2.5778346271886234,0.228924326246021,quality_linear,1.0
wikipedia_en,freelaw,0.05,0.41663254110330095,0.415319082078402,-0.001313459024898933,1.0,0.1353352832366127,-0.8646647167633873,2.3489103009426024,2.5778346271886234,0.228924326246021,quality_linear,1.0
wikipedia_en,pubmed_central,0.05,0.41663254110330095,0.415319082078402,-0.001313459024898933,1.0,0.1353352832366127,-0.8646647167633873,2.3489103009426024,2.5778346271886234,0.228924326246021,quality_linear,1.0
wikipedia_en,github,0.05,0.41663254110330095,0.4203130121269762,0.003680471023675247,1.0,7.38905609893065,6.38905609893065,2.3489103009426024,2.2181147742582783,-0.13079552668432415,quality_linear,1.0
wikipedia_en,stackexchange,0.05,0.41663254110330095,0.4089572011626919,-0.007675339940609038,1.0,0.1353352832366127,-0.8646647167633873,2.3489103009426024,2.5778346271886234,0.228924326246021,quality_linear,1.0
wikipedia_en,pile_cc,0.05,0.41663254110330095,0.416873600052415,0.00024105894911408132,1.0,7.38905609893065,6.38905609893065,2.3489103009426024,2.2181147742582783,-0.13079552668432415,quality_linear,1.0
wikipedia_en,pubmed_abstracts,0.05,0.41663254110330095,0.415319082078402,-0.001313459024898933,1.0,0.1353352832366127,-0.8646647167633873,2.3489103009426024,2.5778346271886234,0.228924326246021,quality_linear,1.0
wikipedia_en,uspto_backgrounds,0.05,0.41663254110330095,0.415319082078402,-0.001313459024898933,1.0,0.1353352832366127,-0.8646647167633873,2.3489103009426024,2.5778346271886234,0.228924326246021,quality_linear,1.0
dm_mathematics,arxiv,0.05,0.41663254110330095,0.4116148576053034,-0.005017683497997527,1.0,0.1353352832366127,-0.8646647167633873,2.3489103009426024,2.5778346271886234,0.228924326246021,quality_linear,1.0
dm_mathematics,freelaw,0.05,0.41663254110330095,0.41663254110330095,0.0,1.0,1.0,0.0,2.3489103009426024,2.3489103009426024,0.0,quality_linear,1.0
dm_mathematics,pubmed_central,0.05,0.41663254110330095,0.41663254110330095,0.0,1.0,1.0,0.0,2.3489103009426024,2.3489103009426024,0.0,quality_linear,1.0
dm_mathematics,wikipedia_en,0.05,0.41663254110330095,0.41820122115064357,0.0015686800473426188,1.0,7.38905609893065,6.38905609893065,2.3489103009426024,2.2181147742582783,-0.13079552668432415,quality_linear,1.0
dm_mathematics,github,0.05,0.41663254110330095,0.4222392722586345,0.005606731155333555,1.0,7.38905609893065,6.38905609893065,2.3489103009426024,2.2181147742582783,-0.13079552668432415,quality_linear,1.0
dm_mathematics,stackexchange,0.05,0.41663254110330095,0.4097801753790527,-0.006852365724248244,1.0,0.1353352832366127,-0.8646647167633873,2.3489103009426024,2.5778346271886234,0.228924326246021,quality_linear,1.0
dm_mathematics,pile_cc,0.05,0.41663254110330095,0.41846570043883785,0.0018331593355369047,1.0,7.38905609893065,6.38905609893065,2.3489103009426024,2.2181147742582783,-0.13079552668432415,quality_linear,1.0
dm_mathematics,pubmed_abstracts,0.05,0.41663254110330095,0.41663254110330095,0.0,1.0,1.0,0.0,2.3489103009426024,2.3489103009426024,0.0,quality_linear,1.0
dm_mathematics,uspto_backgrounds,0.05,0.41663254110330095,0.41663254110330095,0.0,1.0,1.0,0.0,2.3489103009426024,2.3489103009426024,0.0,quality_linear,1.0
github,arxiv,0.05,0.41663254110330095,0.4069489464113676,-0.009683594691933362,1.0,0.1353352832366127,-0.8646647167633873,2.3489103009426024,2.5778346271886234,0.228924326246021,quality_linear,1.0
github,freelaw,0.05,0.41663254110330095,0.4119380135936091,-0.004694527509691848,1.0,0.1353352832366127,-0.8646647167633873,2.3489103009426024,2.5778346271886234,0.228924326246021,quality_linear,1.0
github,pubmed_central,0.05,0.41663254110330095,0.4119380135936091,-0.004694527509691848,1.0,0.1353352832366127,-0.8646647167633873,2.3489103009426024,2.5778346271886234,0.228924326246021,quality_linear,1.0
github,wikipedia_en,0.05,0.41663254110330095,0.41295207007962564,-0.0036804710236753024,1.0,0.1353352832366127,-0.8646647167633873,2.3489103009426024,2.5778346271886234,0.228924326246021,quality_linear,1.0
github,stackexchange,0.05,0.41663254110330095,0.4052767301390166,-0.01135581096428434,1.0,0.1353352832366127,-0.8646647167633873,2.3489103009426024,2.5778346271886234,0.228924326246021,quality_linear,1.0
github,pile_cc,0.05,0.41663254110330095,0.4131931290287397,-0.003439412074561221,1.0,0.1353352832366127,-0.8646647167633873,2.3489103009426024,2.5778346271886234,0.228924326246021,quality_linear,1.0
github,pubmed_abstracts,0.05,0.41663254110330095,0.4119380135936091,-0.004694527509691848,1.0,0.1353352832366127,-0.8646647167633873,2.3489103009426024,2.5778346271886234,0.228924326246021,quality_linear,1.0
github,uspto_backgrounds,0.05,0.41663254110330095,0.4119380135936091,-0.004694527509691848,1.0,0.1353352832366127,-0.8646647167633873,2.3489103009426024,2.5778346271886234,0.228924326246021,quality_linear,1.0
philpapers,arxiv,0.05,0.41663254110330095,0.4116148576053034,-0.005017683497997527,1.0,0.1353352832366127,-0.8646647167633873,2.3489103009426024,2.5778346271886234,0.228924326246021,quality_linear,1.0
philpapers,freelaw,0.05,0.41663254110330095,0.41663254110330095,0.0,1.0,1.0,0.0,2.3489103009426024,2.3489103009426024,0.0,quality_linear,1.0
philpapers,pubmed_central,0.05,0.41663254110330095,0.41663254110330095,0.0,1.0,1.0,0.0,2.3489103009426024,2.3489103009426024,0.0,quality_linear,1.0
philpapers,wikipedia_en,0.05,0.41663254110330095,0.41820122115064357,0.0015686800473426188,1.0,7.38905609893065,6.38905609893065,2.3489103009426024,2.2181147742582783,-0.13079552668432415,quality_linear,1.0
philpapers,github,0.05,0.41663254110330095,0.4222392722586345,0.005606731155333555,1.0,7.38905609893065,6.38905609893065,2.3489103009426024,2.2181147742582783,-0.13079552668432415,quality_linear,1.0
philpapers,stackexchange,0.05,0.41663254110330095,0.4097801753790527,-0.006852365724248244,1.0,0.1353352832366127,-0.8646647167633873,2.3489103009426024,2.5778346271886234,0.228924326246021,quality_linear,1.0
philpapers,pile_cc,0.05,0.41663254110330095,0.41846570043883785,0.0018331593355369047,1.0,7.38905609893065,6.38905609893065,2.3489103009426024,2.2181147742582783,-0.13079552668432415,quality_linear,1.0
philpapers,pubmed_abstracts,0.05,0.41663254110330095,0.41663254110330095,0.0,1.0,1.0,0.0,2.3489103009426024,2.3489103009426024,0.0,quality_linear,1.0
philpapers,uspto_backgrounds,0.05,0.41663254110330095,0.41663254110330095,0.0,1.0,1.0,0.0,2.3489103009426024,2.3489103009426024,0.0,quality_linear,1.0
stackexchange,arxiv,0.05,0.41663254110330095,0.41830475737565204,0.0016722162723510903,1.0,7.38905609893065,6.38905609893065,2.3489103009426024,2.2181147742582783,-0.13079552668432415,quality_linear,1.0
stackexchange,freelaw,0.05,0.41663254110330095,0.42237004099543535,0.005737499892134401,1.0,7.38905609893065,6.38905609893065,2.3489103009426024,2.2181147742582783,-0.13079552668432415,quality_linear,1.0
stackexchange,pubmed_central,0.05,0.41663254110330095,0.42237004099543535,0.005737499892134401,1.0,7.38905609893065,6.38905609893065,2.3489103009426024,2.2181147742582783,-0.13079552668432415,quality_linear,1.0
stackexchange,wikipedia_en,0.05,0.41663254110330095,0.42430788104391,0.007675339940609038,1.0,7.38905609893065,6.38905609893065,2.3489103009426024,2.2181147742582783,-0.13079552668432415,quality_linear,1.0
stackexchange,github,0.05,0.41663254110330095,0.4279883520675853,0.01135581096428434,1.0,7.38905609893065,6.38905609893065,2.3489103009426024,2.2181147742582783,-0.13079552668432415,quality_linear,1.0
stackexchange,pile_cc,0.05,0.41663254110330095,0.4245489399930242,0.00791639888972323,1.0,7.38905609893065,6.38905609893065,2.3489103009426024,2.2181147742582783,-0.13079552668432415,quality_linear,1.0
stackexchange,pubmed_abstracts,0.05,0.41663254110330095,0.42237004099543535,0.005737499892134401,1.0,7.38905609893065,6.38905609893065,2.3489103009426024,2.2181147742582783,-0.13079552668432415,quality_linear,1.0
stackexchange,uspto_backgrounds,0.05,0.41663254110330095,0.42237004099543535,0.005737499892134401,1.0,7.38905609893065,6.38905609893065,2.3489103009426024,2.2181147742582783,-0.13079552668432415,quality_linear,1.0
enron_emails,arxiv,0.05,0.41663254110330095,0.4116148576053034,-0.005017683497997527,1.0,0.1353352832366127,-0.8646647167633873,2.3489103009426024,2.5778346271886234,0.228924326246021,quality_linear,1.0
enron_emails,freelaw,0.05,0.41663254110330095,0.41663254110330095,0.0,1.0,1.0,0.0,2.3489103009426024,2.3489103009426024,0.0,quality_linear,1.0
enron_emails,pubmed_central,0.05,0.41663254110330095,0.41663254110330095,0.0,1.0,1.0,0.0,2.3489103009426024,2.3489103009426024,0.0,quality_linear,1.0
enron_emails,wikipedia_en,0.05,0.41663254110330095,0.41820122115064357,0.0015686800473426188,1.0,7.38905609893065,6.38905609893065,2.3489103009426024,2.2181147742582783,-0.13079552668432415,quality_linear,1.0
enron_emails,github,0.05,0.41663254110330095,0.4222392722586345,0.005606731155333555,1.0,7.38905609893065,6.38905609893065,2.3489103009426024,2.2181147742582783,-0.13079552668432415,quality_linear,1.0
enron_emails,stackexchange,0.05,0.41663254110330095,0.4097801753790527,-0.006852365724248244,1.0,0.1353352832366127,-0.8646647167633873,2.3489103009426024,2.5778346271886234,0.228924326246021,quality_linear,1.0
enron_emails,pile_cc,0.05,0.41663254110330095,0.41846570043883785,0.0018331593355369047,1.0,7.38905609893065,6.38905609893065,2.3489103009426024,2.2181147742582783,-0.13079552668432415,quality_linear,1.0
enron_emails,pubmed_abstracts,0.05,0.41663254110330095,0.41663254110330095,0.0,1.0,1.0,0.0,2.3489103009426024,2.3489103009426024,0.0,quality_linear,1.0
enron_emails,uspto_backgrounds,0.05,0.41663254110330095,0.41663254110330095,0.0,1.0,1.0,0.0,2.3489103009426024,2.3489103009426024,0.0,quality_linear,1.0
gutenberg_pg_19,arxiv,0.05,0.41663254110330095,0.40640618648024507,-0.010226354623055878,1.0,0.1353352832366127,-0.8646647167633873,2.3489103009426024,2.5778346271886234,0.228924326246021,quality_linear,1.0
gutenberg_pg_19,freelaw,0.05,0.41663254110330095,0.411439406625609,-0.00519313447769193,1.0,0.1353352832366127,-0.8646647167633873,2.3489103009426024,2.5778346271886234,0.228924326246021,quality_linear,1.0
gutenberg_pg_19,pubmed_central,0.05,0.41663254110330095,0.411439406625609,-0.00519313447769193,1.0,0.1353352832366127,-0.8646647167633873,2.3489103009426024,2.5778346271886234,0.228924326246021,quality_linear,1.0
gutenberg_pg_19,wikipedia_en,0.05,0.41663254110330095,0.412409310148503,-0.00422323095479793,1.0,0.1353352832366127,-0.8646647167633873,2.3489103009426024,2.5778346271886234,0.228924326246021,quality_linear,1.0
gutenberg_pg_19,github,0.05,0.41663254110330095,0.4160897811721784,-0.0005427599311225717,1.0,0.1353352832366127,-0.8646647167633873,2.3489103009426024,2.5778346271886234,0.228924326246021,quality_linear,1.0
gutenberg_pg_19,stackexchange,0.05,0.41663254110330095,0.404733970207894,-0.011898570895406968,1.0,0.1353352832366127,-0.8646647167633873,2.3489103009426024,2.5778346271886234,0.228924326246021,quality_linear,1.0
gutenberg_pg_19,pile_cc,0.05,0.41663254110330095,0.4126503690976172,-0.003982172005683737,1.0,0.1353352832366127,-0.8646647167633873,2.3489103009426024,2.5778346271886234,0.228924326246021,quality_linear,1.0
gutenberg_pg_19,pubmed_abstracts,0.05,0.41663254110330095,0.411439406625609,-0.00519313447769193,1.0,0.1353352832366127,-0.8646647167633873,2.3489103009426024,2.5778346271886234,0.228924326246021,quality_linear,1.0
gutenberg_pg_19,uspto_backgrounds,0.05,0.41663254110330095,0.411439406625609,-0.00519313447769193,1.0,0.1353352832366127,-0.8646647167633873,2.3489103009426024,2.5778346271886234,0.228924326246021,quality_linear,1.0
pile_cc,arxiv,0.05,0.41663254110330095,0.410388358485929,-0.006244182617371974,1.0,0.1353352832366127,-0.8646647167633873,2.3489103009426024,2.5778346271886234,0.228924326246021,quality_linear,1.0
pile_cc,freelaw,0.05,0.41663254110330095,0.41509763302729313,-0.0015349080760078126,1.0,0.1353352832366127,-0.8646647167633873,2.3489103009426024,2.5778346271886234,0.228924326246021,quality_linear,1.0
pile_cc,pubmed_central,0.05,0.41663254110330095,0.41509763302729313,-0.0015349080760078126,1.0,0.1353352832366127,-0.8646647167633873,2.3489103009426024,2.5778346271886234,0.228924326246021,quality_linear,1.0
pile_cc,wikipedia_en,0.05,0.41663254110330095,0.4163914821541869,-0.0002410589491140258,1.0,0.1353352832366127,-0.8646647167633873,2.3489103009426024,2.5778346271886234,0.228924326246021,quality_linear,1.0
pile_cc,github,0.05,0.41663254110330095,0.4200719531778622,0.0034394120745612766,1.0,7.38905609893065,6.38905609893065,2.3489103009426024,2.2181147742582783,-0.13079552668432415,quality_linear,1.0
pile_cc,stackexchange,0.05,0.41663254110330095,0.4087161422135779,-0.007916398889723064,1.0,0.1353352832366127,-0.8646647167633873,2.3489103009426024,2.5778346271886234,0.228924326246021,quality_linear,1.0
pile_cc,pubmed_abstracts,0.05,0.41663254110330095,0.41509763302729313,-0.0015349080760078126,1.0,0.1353352832366127,-0.8646647167633873,2.3489103009426024,2.5778346271886234,0.228924326246021,quality_linear,1.0
pile_cc,uspto_backgrounds,0.05,0.41663254110330095,0.41509763302729313,-0.0015349080760078126,1.0,0.1353352832366127,-0.8646647167633873,2.3489103009426024,2.5778346271886234,0.228924326246021,quality_linear,1.0
ubuntu_irc,arxiv,0.05,0.41663254110330095,0.4116148576053034,-0.005017683497997527,1.0,0.1353352832366127,-0.8646647167633873,2.3489103009426024,2.5778346271886234,0.228924326246021,quality_linear,1.0
ubuntu_irc,freelaw,0.05,0.41663254110330095,0.41663254110330095,0.0,1.0,1.0,0.0,2.3489103009426024,2.3489103009426024,0.0,quality_linear,1.0
ubuntu_irc,pubmed_central,0.05,0.41663254110330095,0.41663254110330095,0.0,1.0,1.0,0.0,2.3489103009426024,2.3489103009426024,0.0,quality_linear,1.0
ubuntu_irc,wikipedia_en,0.05,0.41663254110330095,0.41820122115064357,0.0015686800473426188,1.0,7.38905609893065,6.38905609893065,2.3489103009426024,2.2181147742582783,-0.13079552668432415,quality_linear,1.0
ubuntu_irc,github,0.05,0.41663254110330095,0.4222392722586345,0.005606731155333555,1.0,7.38905609893065,6.38905609893065,2.3489103009426024,2.2181147742582783,-0.13079552668432415,quality_linear,1.0
ubuntu_irc,stackexchange,0.05,0.41663254110330095,0.4097801753790527,-0.006852365724248244,1.0,0.1353352832366127,-0.8646647167633873,2.3489103009426024,2.5778346271886234,0.228924326246021,quality_linear,1.0
ubuntu_irc,pile_cc,0.05,0.41663254110330095,0.41846570043883785,0.0018331593355369047,1.0,7.38905609893065,6.38905609893065,2.3489103009426024,2.2181147742582783,-0.13079552668432415,quality_linear,1.0
ubuntu_irc,pubmed_abstracts,0.05,0.41663254110330095,0.41663254110330095,0.0,1.0,1.0,0.0,2.3489103009426024,2.3489103009426024,0.0,quality_linear,1.0
ubuntu_irc,uspto_backgrounds,0.05,0.41663254110330095,0.41663254110330095,0.0,1.0,1.0,0.0,2.3489103009426024,2.3489103009426024,0.0,quality_linear,1.0
europarl,arxiv,0.05,0.41663254110330095,0.4116148576053034,-0.005017683497997527,1.0,0.1353352832366127,-0.8646647167633873,2.3489103009426024,2.5778346271886234,0.228924326246021,quality_linear,1.0
europarl,freelaw,0.05,0.41663254110330095,0.41663254110330095,0.0,1.0,1.0,0.0,2.3489103009426024,2.3489103009426024,0.0,quality_linear,1.0
europarl,pubmed_central,0.05,0.41663254110330095,0.41663254110330095,0.0,1.0,1.0,0.0,2.3489103009426024,2.3489103009426024,0.0,quality_linear,1.0
europarl,wikipedia_en,0.05,0.41663254110330095,0.41820122115064357,0.0015686800473426188,1.0,7.38905609893065,6.38905609893065,2.3489103009426024,2.2181147742582783,-0.13079552668432415,quality_linear,1.0
europarl,github,0.05,0.41663254110330095,0.4222392722586345,0.005606731155333555,1.0,7.38905609893065,6.38905609893065,2.3489103009426024,2.2181147742582783,-0.13079552668432415,quality_linear,1.0
europarl,stackexchange,0.05,0.41663254110330095,0.4097801753790527,-0.006852365724248244,1.0,0.1353352832366127,-0.8646647167633873,2.3489103009426024,2.5778346271886234,0.228924326246021,quality_linear,1.0
europarl,pile_cc,0.05,0.41663254110330095,0.41846570043883785,0.0018331593355369047,1.0,7.38905609893065,6.38905609893065,2.3489103009426024,2.2181147742582783,-0.13079552668432415,quality_linear,1.0
europarl,pubmed_abstracts,0.05,0.41663254110330095,0.41663254110330095,0.0,1.0,1.0,0.0,2.3489103009426024,2.3489103009426024,0.0,quality_linear,1.0
europarl,uspto_backgrounds,0.05,0.41663254110330095,0.41663254110330095,0.0,1.0,1.0,0.0,2.3489103009426024,2.3489103009426024,0.0,quality_linear,1.0
hackernews,arxiv,0.05,0.41663254110330095,0.4116148576053034,-0.005017683497997527,1.0,0.1353352832366127,-0.8646647167633873,2.3489103009426024,2.5778346271886234,0.228924326246021,quality_linear,1.0
hackernews,freelaw,0.05,0.41663254110330095,0.41663254110330095,0.0,1.0,1.0,0.0,2.3489103009426024,2.3489103009426024,0.0,quality_linear,1.0
hackernews,pubmed_central,0.05,0.41663254110330095,0.41663254110330095,0.0,1.0,1.0,0.0,2.3489103009426024,2.3489103009426024,0.0,quality_linear,1.0
hackernews,wikipedia_en,0.05,0.41663254110330095,0.41820122115064357,0.0015686800473426188,1.0,7.38905609893065,6.38905609893065,2.3489103009426024,2.2181147742582783,-0.13079552668432415,quality_linear,1.0
hackernews,github,0.05,0.41663254110330095,0.4222392722586345,0.005606731155333555,1.0,7.38905609893065,6.38905609893065,2.3489103009426024,2.2181147742582783,-0.13079552668432415,quality_linear,1.0
hackernews,stackexchange,0.05,0.41663254110330095,0.4097801753790527,-0.006852365724248244,1.0,0.1353352832366127,-0.8646647167633873,2.3489103009426024,2.5778346271886234,0.228924326246021,quality_linear,1.0
hackernews,pile_cc,0.05,0.41663254110330095,0.41846570043883785,0.0018331593355369047,1.0,7.38905609893065,6.38905609893065,2.3489103009426024,2.2181147742582783,-0.13079552668432415,quality_linear,1.0
hackernews,pubmed_abstracts,0.05,0.41663254110330095,0.41663254110330095,0.0,1.0,1.0,0.0,2.3489103009426024,2.3489103009426024,0.0,quality_linear,1.0
hackernews,uspto_backgrounds,0.05,0.41663254110330095,0.41663254110330095,0.0,1.0,1.0,0.0,2.3489103009426024,2.3489103009426024,0.0,quality_linear,1.0
pubmed_abstracts,arxiv,0.05,0.41663254110330095,0.4116148576053034,-0.005017683497997527,1.0,0.1353352832366127,-0.8646647167633873,2.3489103009426024,2.5778346271886234,0.228924326246021,quality_linear,1.0
pubmed_abstracts,freelaw,0.05,0.41663254110330095,0.41663254110330095,0.0,1.0,1.0,0.0,2.3489103009426024,2.3489103009426024,0.0,quality_linear,1.0
pubmed_abstracts,pubmed_central,0.05,0.41663254110330095,0.41663254110330095,0.0,1.0,1.0,0.0,2.3489103009426024,2.3489103009426024,0.0,quality_linear,1.0
pubmed_abstracts,wikipedia_en,0.05,0.41663254110330095,0.41820122115064357,0.0015686800473426188,1.0,7.38905609893065,6.38905609893065,2.3489103009426024,2.2181147742582783,-0.13079552668432415,quality_linear,1.0
pubmed_abstracts,github,0.05,0.41663254110330095,0.4222392722586345,0.005606731155333555,1.0,7.38905609893065,6.38905609893065,2.3489103009426024,2.2181147742582783,-0.13079552668432415,quality_linear,1.0
pubmed_abstracts,stackexchange,0.05,0.41663254110330095,0.4097801753790527,-0.006852365724248244,1.0,0.1353352832366127,-0.8646647167633873,2.3489103009426024,2.5778346271886234,0.228924326246021,quality_linear,1.0
pubmed_abstracts,pile_cc,0.05,0.41663254110330095,0.41846570043883785,0.0018331593355369047,1.0,7.38905609893065,6.38905609893065,2.3489103009426024,2.2181147742582783,-0.13079552668432415,quality_linear,1.0
pubmed_abstracts,uspto_backgrounds,0.05,0.41663254110330095,0.41663254110330095,0.0,1.0,1.0,0.0,2.3489103009426024,2.3489103009426024,0.0,quality_linear,1.0
uspto_backgrounds,arxiv,0.05,0.41663254110330095,0.4116148576053034,-0.005017683497997527,1.0,0.1353352832366127,-0.8646647167633873,2.3489103009426024,2.5778346271886234,0.228924326246021,quality_linear,1.0
uspto_backgrounds,freelaw,0.05,0.41663254110330095,0.41663254110330095,0.0,1.0,1.0,0.0,2.3489103009426024,2.3489103009426024,0.0,quality_linear,1.0
uspto_backgrounds,pubmed_central,0.05,0.41663254110330095,0.41663254110330095,0.0,1.0,1.0,0.0,2.3489103009426024,2.3489103009426024,0.0,quality_linear,1.0
uspto_backgrounds,wikipedia_en,0.05,0.41663254110330095,0.41820122115064357,0.0015686800473426188,1.0,7.38905609893065,6.38905609893065,2.3489103009426024,2.2181147742582783,-0.13079552668432415,quality_linear,1.0
uspto_backgrounds,github,0.05,0.41663254110330095,0.4222392722586345,0.005606731155333555,1.0,7.38905609893065,6.38905609893065,2.3489103009426024,2.2181147742582783,-0.13079552668432415,quality_linear,1.0
uspto_backgrounds,stackexchange,0.05,0.41663254110330095,0.4097801753790527,-0.006852365724248244,1.0,0.1353352832366127,-0.8646647167633873,2.3489103009426024,2.5778346271886234,0.228924326246021,quality_linear,1.0
uspto_backgrounds,pile_cc,0.05,0.41663254110330095,0.41846570043883785,0.0018331593355369047,1.0,7.38905609893065,6.38905609893065,2.3489103009426024,2.2181147742582783,-0.13079552668432415,quality_linear,1.0
uspto_backgrounds,pubmed_abstracts,0.05,0.41663254110330095,0.41663254110330095,0.0,1.0,1.0,0.0,2.3489103009426024,2.3489103009426024,0.0,quality_linear,1.0
